Row,Tip B,Root B,Span B,Sweep B,Body Length B,Body Diameter B+S,Tip S,Root S,Span S,Sweep S,Body Length S,Mach Number,S Power Off,S Power On,B+S Power Off,B+S Power On,CP S,CP B+S
2,9.805650471,8.141678473,7.941745145,17.81981832,160.327944,17.08225685,12.59254938,14.50520877,10.85182099,12.69272439,188.9990833,8.244853738,0.576780124016322,0.568735021115178,1.1062720324374,1.09822692953626,73.802350954150127421558750216,114.88988855525428869094889698
